URL,Title,Description,Author,Published Date,"article provides an overview or explanation of weld and welding symbols, including their meanings and usage. (Criterion)","article provides an overview or explanation of weld and welding symbols, including their meanings and usage. (Reasoning)",Article Summary (Result),Article Summary (Reasoning)
https://twi-global.com/technical-knowledge/job-knowledge/weld-symbols,A Review Of The Application Of Weld Symbols On Drawings,"Technical overview article explaining weld and welding symbols on engineering drawings; covers key standards like BS EN 22553 and ISO 2553, highlighting their similarities and the importance of standard compliance. Details essential components including arrow lines, reference lines, symbol types, joint and weld shapes, weld sizing, supplementary symbols, and compound joints, offering a thorough guide for welders, supervisors, and inspectors to accurately interpret design requirements.",,,Yes,"The article, titled 'A Review Of The Application Of Weld Symbols On Drawings', provides an overview and explanation of weld and welding symbols, including their meanings and usage. It discusses different standards, basic requirements, symbol types, joint and/or weld shape, weld sizing, supplementary symbols, compound joints/welds, and the broken reference line. Therefore, the article satisfies the criterion.
References: [A Review Of The Application Of Weld Symbols On Drawings](https://www.twi-global.com/technical-knowledge/job-knowledge/weld-symbols)","The article provides a comprehensive overview of weld symbols used on engineering drawings, explaining their purpose, the standards governing them, and the key elements such as arrow lines, reference lines, and symbol types. It emphasizes the importance of understanding these symbols correctly by all personnel involved to ensure accurate communication of welding requirements and prevent costly mistakes.","The article titled 'A Review Of The Application Of Weld Symbols On Drawings' extensively covers the meanings, usage, and standards of weld symbols, highlighting their role in communication between design offices and shop floor personnel. It discusses basic requirements, symbol types, weld sizing, supplementary symbols, and the importance of training, which supports the summary provided."
https://weldguru.com/fillet-weld-symbols,Fillet Weld Symbols: Basic Guide,"Educational article on fillet weld symbols from Weld Guru; provides a detailed overview of the anatomy, dimensions, and specifications of fillet welds including size, length, spacing, and contour essential for successful welding. Covers common joint types like lap, T, and corner joints, and explains symbol usage for continuous and intermittent welds, making it a practical resource for welders seeking to interpret AWS-standard fillet weld symbols accurately.",Jeff Grill,,Yes,"The article, titled 'Fillet Weld Symbols: Basic Guide', discusses fillet weld symbols and includes sections on their anatomy and dimensions, indicating it provides an overview and explanation of weld symbols and their meanings.
References: [Fillet Weld Symbols: Basic Guide](https://weldguru.com/fillet-weld-symbols)","The article provides a comprehensive guide to fillet weld symbols, explaining their anatomy, dimensions, and how to interpret size, length, and pitch in welding instructions. It emphasizes understanding the parts of a fillet weld and the placement of symbols to ensure accurate and successful welding.","The article titled 'Fillet Weld Symbols: Basic Guide' covers the definition, anatomy, and dimensions of fillet weld symbols, including size, length, and pitch, and explains how to read and apply these symbols in welding practice. This summary captures the main points of the article as presented in the content."
https://learnweldingsymbols.com/what-is-1-4-fillet-weld-symbol,What is 1/4 fillet weld symbol?,"Informative article detailing the 1/4 fillet weld symbol used in welding; explains fillet welds as L-shaped metal joints critical for durable connections and highlights size measurement by leg length or throat size. Emphasizes the role of correct weld sizing in distributing stress evenly and enhancing joint stability, making it a practical resource for understanding welding symbols and their application in structural welding.",,,Yes,"The article titled ""What is 1/4 fillet weld symbol?"" from learnweldingsymbols.com discusses fillet welds, their symbols, and their importance in various industries. This aligns with the criterion of providing an overview or explanation of weld and welding symbols, including their meanings and usage.
References: [What is 1/4 fillet weld symbol?](https://learnweldingsymbols.com/what-is-1-4-fillet-weld-symbol)","The article explains the significance of fillet welds and their symbols, focusing on the 1/4 fillet weld symbol which represents a fillet weld with a leg length of one-quarter inch. It highlights the importance of correct fillet weld sizing for structural integrity, detailing how weld size is measured and represented on engineering drawings to ensure strength and durability in metal connections.","The article provides a detailed overview of fillet welds, their symbols, and the importance of accurate sizing, specifically discussing the 1/4 fillet weld symbol and how it is used in engineering drawings to convey weld size and strength requirements."
https://techtransfer.com/blog/introduction-to-welding,Introduction to Welding,"Educational article explaining welding as a metal joining process using heat, filler metal, and shielding; covers common welding types like MIG, TIG, Flux Core, and Stick welding; includes a dedicated section on welding symbols detailing their meanings and usage, enhancing understanding of welding communication.",,,Yes,"The article includes a section specifically dedicated to welding symbols, explaining their components and usage. This satisfies the criterion.
References: [Understanding Welding Symbols - American Rotary](https://www.americanrotary.com/blog/weld-symbols), [How to Read and Understand Weld Symbols | MillerWelds](https://www.millerwelds.com/resources/article-library/how-to-read-and-understand-weld-symbols), [All About Welding Blueprint Symbols | UTI - Universal Technical Institute](https://www.uti.edu/blog/welding/welding-blueprint-symbols), [Introduction to Welding](https://www.techtransfer.com/blog/introduction-to-welding)","The article provides a comprehensive introduction to welding, explaining the basic components and processes involved, common welding terms, types of weld joints, and the detailed meaning and usage of welding symbols to ensure precise communication in industrial welding applications.","The article covers the fundamentals of welding, including its definition, types of welding, common terms, types of weld joints, and an extensive explanation of welding symbols and their components, fulfilling the requirement for a concise summary of the main points."
https://weldguru.com/arc-weld-symbols,Spot Arc Weld Symbols and Arc Seam Symbols - Weld Guru,"Technical article on spot arc weld and arc seam symbols by Jeff Grill; provides comprehensive explanations covering symbol meanings, size, spacing, extent, and detailed usage guidelines; includes visual representations of spot weld and seam welding symbols; serves as a practical reference for understanding welding symbol standards and their application in fabrication and inspection.",Jeff Grill,,Yes,"The article ""Spot Arc Weld Symbols and Arc Seam Symbols - Weld Guru"" by Jeff Grill provides an overview and explanation of weld symbols, specifically focusing on spot arc weld symbols and arc seam symbols, including their meanings and usage. The table of contents lists topics such as size, spacing, extent, and details of arc seam and spot welds, indicating a comprehensive explanation of these symbols.
References: [Spot Arc Weld Symbols and Arc Seam Symbols - Weld Guru](https://weldguru.com/arc-weld-symbols)","The article explains the meanings and usage of spot arc weld symbols and arc seam symbols, detailing how to indicate size, strength, spacing, extent, and number of welds on welding drawings. It also covers the representation of flush surfaces and emphasizes that certain details like spacing and orientation must be shown on the drawing rather than the welding symbol.","The article provides a comprehensive overview of spot arc weld symbols and arc seam symbols, including their dimensions, strength indications, spacing, extent, and special cases like flush surfaces, as summarized from the content sections and explanations."
https://engineersedge.com/weld/weld_symbols.htm,"Weld Symbols, ANSI/AWS A2.4-79 American Welding Society / American National Standard","Technical reference guide for weld symbols standardized by ANSI/AWS A2.4-79; includes a detailed table with 15+ distinct weld symbols like Square, Fillet, Vee, and Spot, each accompanied by visual icons and brief descriptions to clarify their meanings and usage in welding documentation.",Engineers Edge; LLC,,Yes,"The article, titled ""Weld Symbols, ANSI/AWS A2.4-79 American Welding Society / American National Standard,"" presents a table of weld symbols and their corresponding descriptions. This format provides an overview of weld symbols, their meanings, and implicitly their usage, thus satisfying the criterion.
References: [Weld Symbols, ANSI/AWS A2.4-79 American Welding Society / American National Standard](https://www.engineersedge.com/weld/weld_symbols.htm)","The article provides an overview of weld symbols according to the ANSI/AWS A2.4-79 American Welding Society standard, presenting a table of common weld symbols alongside their descriptions. It serves as a reference guide for understanding the meanings and usage of various welding symbols in engineering and manufacturing contexts.","The article titled 'Weld Symbols, ANSI/AWS A2.4-79 American Welding Society / American National Standard' includes a table listing weld symbols with corresponding descriptions, clearly offering an overview and explanation of weld symbols and their meanings, which aligns with the requested summary."
https://mtcopeland.com/blog/welding-symbols-on-blueprints-complete-guide,Welding Symbols on Blueprints: Complete Guide,"Educational article detailing welding symbols on construction blueprints; provides a complete guide to understanding weld symbol meanings and their practical usage in blueprint reading, helping professionals accurately interpret welding instructions.",achao,,Yes,"The article title, ""Welding Symbols on Blueprints: Complete Guide,"" strongly suggests that the article provides an overview or explanation of weld and welding symbols, including their meanings and usage. The title itself indicates the article's focus on welding symbols and their application in blueprints, implying a discussion of their meanings and usage.
References: [Welding Symbols on Blueprints: Complete Guide](https://mtcopeland.com/blog/welding-symbols-on-blueprints-complete-guide)","The article explains the significance of welding symbols on blueprints in construction, emphasizing the need for builders to recognize these symbols to coordinate effectively with fabricators and ensure proper welding of structural and architectural elements. It also outlines common welding symbols and their meanings to aid in understanding and communication on construction projects.","The article provides an overview of welding symbols on blueprints, their importance in construction coordination, and details common symbols and their usage, which aligns with the requested summary."
https://nationalboard.org/PrintPage.aspx?pageID=164&ID=217,The National Board of Boiler and Pressure Vessel Inspectors,"Article from The National Board of Boiler and Pressure Vessel Inspectors explaining the ANSI/AWS A2.4:2012 standard for welding, brazing, and nondestructive examination symbols; authored by Bill Green, a retired welding engineering professor and former National Board consultant. It details the importance of consistent application and interpretation of welding symbols in engineering drawings to ensure quality control, highlighting flexibility in symbol usage across different manufacturing and field environments. Published as part of the National Board Classic Series in the National Board BULLETIN, categorized under Design/Fabrication, and spanning 6 printed pages.",,,Yes,"The article's title, summary, and category (Design/Fabrication) strongly suggest that it provides an overview or explanation of weld and welding symbols, including their meanings and usage.
References: [The National Board of Boiler and Pressure Vessel Inspectors](https://www.nationalboard.org/PrintPage.aspx?pageID=164&ID=217)","The article explains the use and interpretation of welding symbols, detailing their key components such as the arrow, reference line, and tail, and emphasizes the importance of standards like ANSI/AWS A2.4:2012 for consistent application. It also covers the flexibility in specifying welds, including groove welds and complete joint penetration, to ensure accurate communication in fabrication and construction.","The article provides a detailed overview of welding symbols, their meaning, usage, and standards, focusing on how they help specify welding requirements clearly and consistently in engineering drawings."
https://welding.com/welding-symbols,Welding Symbols,"Informative article explaining welding symbols and their application in fabrication and assembly; covers the role of drawings as a universal language for conveying welding and equipment operation details; details reproduction methods for prints including blueprints, BW paper, Ozalids, and Vandyke paper; describes key drawing components such as title blocks, revision blocks, and drawing numbers essential for identifying parts and revisions.",,,Yes,"The crawled content mentions 'Welding Symbols' in the title and discusses drawings and prints used to convey information for fabrication and assembly. While the provided snippet is truncated, it suggests the article likely provides an overview or explanation of welding symbols, their meanings, and usage, as drawings are a key method for representing these symbols.
References: [Welding Symbols](https://welding.com/welding-symbols)","The article explains welding symbols as a universal language on engineering drawings used to convey complete welding information, including type, location, dimensions, and processes. It details the elements of welding symbols and their significance in ensuring accurate communication from designers to welders for proper fabrication and assembly.","The article content describes the role of welding symbols in engineering drawings, their elements, and how they communicate essential welding information to ensure proper fabrication and assembly, fulfilling the summary requirement."
https://armpremfg.com/welding-symbols-chart,"Decoding Welding Symbols: A Complete Guide to Fillet, Groove, and More","Comprehensive guide to welding symbols including fillet, groove, and other types; explains standardized diagrams that specify weld type, size, and location to ensure precision in manufacturing and construction. Highlights the role of welding symbols in eliminating ambiguity, standardizing communication across teams, and preventing errors in projects ranging from automotive parts to large structural fabrications.",Tony,,Yes,"The article, titled ""Decoding Welding Symbols: A Complete Guide to Fillet, Groove, and More,"" explicitly states that it will explain welding symbols, their significance, and their components. The introduction mentions that welding symbols are standardized diagrams that reflect specific instructions for welding activities. This clearly indicates that the article provides an overview and explanation of weld and welding symbols, including their meanings and usage.
References: [Decoding Welding Symbols: A Complete Guide to Fillet, Groove, and More](https://armpremfg.com/welding-symbols-chart)","The article provides a comprehensive guide to understanding welding symbols, explaining their significance, components, and how to interpret key types such as fillet and groove weld symbols. It emphasizes the importance of these standardized symbols in ensuring accurate, high-quality welds and effective communication in fabrication and construction projects.","The article clearly outlines the purpose of welding symbols, their elements, and how to read them, focusing on fillet and groove welds, while highlighting their role in standardizing welding instructions and improving project outcomes."
https://openwa.pressbooks.pub/welding1/chapter/wa16-6,16.6 The Basic Elements of Welding Symbols – Introduction to Welding,"Educational article on welding symbols in engineering blueprints; explains how symbols communicate detailed welding instructions including type, size, groove preparation, and weld location. Includes labeled diagrams illustrating key elements like reference lines, arrows, and tails, providing foundational knowledge for interpreting welding symbols accurately.",,,Yes,"The article, titled ""16.6 The Basic Elements of Welding Symbols – Introduction to Welding,"" explicitly states that welding symbols are used to communicate welding requirements on blueprints. It mentions that welding symbols convey information such as the type and size of the weld, required weld groove preparation, extent, and location of the weld. This indicates that the article provides an overview and explanation of welding symbols, their meanings, and usage.
References: [16.6 The Basic Elements of Welding Symbols – Introduction to Welding](https://openwa.pressbooks.pub/welding1/chapter/wa16-6)","The article explains that welding symbols are essential for communicating detailed welding requirements on blueprints, including weld type, size, groove preparation, and location. It describes the components of welding symbols such as the arrow, reference line, tail, and pictorial elements, and clarifies how to interpret these symbols to convey precise welding instructions.","The article provides a comprehensive overview of welding symbols, their purpose in conveying welding details on blueprints, and explains the meaning and usage of the various elements within welding symbols, fulfilling the request for a concise summary of the main points."
https://primeweld.com/blogs/news/welders-guide-to-welding-symbols,Welder’s Guide to Welding Symbols,"Educational article explaining weld and welding symbols; covers the components, meanings, and usage of these symbols while distinguishing between weld symbols and welding symbols to aid welders in accurate interpretation and application.",Dustin Gallaher,,Yes,"The article, titled 'Welder’s Guide to Welding Symbols,' provides an overview and explanation of weld and welding symbols, including their meanings and usage. It covers topics such as the components of welding symbols and the difference between weld symbols and welding symbols.
References: [Welder’s Guide to Welding Symbols](https://primeweld.com/blogs/news/welders-guide-to-welding-symbols)","The article 'Welder’s Guide to Welding Symbols' explains the essential components of welding symbols, including weld symbols, reference lines, arrows, and tails, and clarifies the difference between weld symbols and welding symbols. It serves as a comprehensive guide to understanding welding symbols for effective communication of welding requirements on blueprints.","The article provides an overview of welding symbols, their components, and the distinction between weld symbols and welding symbols, which are key points for understanding their usage in welding blueprints."
https://knowwelding.weebly.com/drawing-and-welding-symbol-interpretation.html,Drawing and Welding Symbol Interpretation,"Educational article explaining welding and blueprint symbols; covers key terms like blueprint, dimensions, orthographic projection, and pictorial views; details welding joint types emphasizing factors such as material type, thickness, location, and strength requirements to ensure sound welds and economical filler metal use.",,,Yes,"The article's title is ""Drawing and Welding Symbol Interpretation,"" and the content includes terms and definitions related to blueprints and dimensions, suggesting it provides an overview of welding symbols.
References: [Drawing and Welding Symbol Interpretation](https://knowwelding.weebly.com/drawing-and-welding-symbol-interpretation.html)","The article ""Drawing and Welding Symbol Interpretation"" provides an overview of welding symbols, blueprint reading, and joint design, explaining key terms, types of dimensions, and the importance of using standardized welding symbols as defined by the American Welding Society. It emphasizes the significance of accurate interpretation of welding symbols and blueprints to ensure quality and consistency in welding projects.","The article content includes definitions related to blueprints and dimensions, explanations of welding joint types, welding symbols per AWS standards, and guidance on reading prints, which collectively summarize the main points about welding symbol interpretation and blueprint reading."
https://tws.edu/blog/welding/what-are-welding-symbols,What Are Welding Symbols?,"Informative article by Zander Buel on Tulsa Welding School's site; provides an overview of welding symbols standardized by ANSI and the American Welding Society; explains how these symbols convey weld types and sizes on engineering drawings, essential for welders to meet design specifications and often required knowledge for welding job applicants.",Zander Buel,,Yes,"The article ""What Are Welding Symbols?"" by Zander Buel on tws.edu provides an overview of welding symbols, explaining that they are found on engineering drawings and communicate information about the project, including weld sizes and types. It also mentions ANSI and the American Welding Society. This indicates that the article explains the meaning and usage of welding symbols.
References: [What Are Welding Symbols?](https://www.tws.edu/blog/welding/what-are-welding-symbols)","The article ""What Are Welding Symbols?"" explains that welding symbols are standardized markings on engineering drawings used to convey detailed information about weld types, sizes, and specifications. It highlights the importance of understanding these symbols for welders to ensure their work meets design requirements and notes that training programs, like those at Tulsa Welding School, teach these essential skills.","The summary captures the article's main points about the purpose and importance of welding symbols, their standardization by ANSI and AWS, and the educational aspect provided by welding training programs, as detailed in the provided content."
https://openoregon.pressbooks.pub/weldsymbols/chapter/chapter-1,Basics of Welding Symbols – Interpretation of Metal Fab Drawings,"Educational article on welding symbols in metal fabrication; explains the difference between weld symbols and welding symbols, focusing on the reference line and arrow as core elements. Highlights the reference line's horizontal placement and reading direction, the arrow's role in connecting to the joint, and the tail's function for specifying welding processes and material requirements, providing foundational knowledge for blueprint interpretation.",,,Yes,"The article, titled 'Basics of Welding Symbols – Interpretation of Metal Fab Drawings', discusses the difference between weld and welding symbols and explains components like the reference line and arrow. This indicates that the article provides an overview of weld and welding symbols, including their meanings and usage, thus satisfying the criterion.
References: [Basics of Welding Symbols – Interpretation of Metal Fab Drawings](https://openoregon.pressbooks.pub/weldsymbols/chapter/chapter-1)","The article explains the distinction between weld symbols and welding symbols, detailing the components such as the reference line and arrow used in welding symbols to specify weld placement and type. It emphasizes understanding the placement of symbols relative to the reference line to determine whether the weld is on the arrow side or the other side of a joint, which is crucial for accurate metal fabrication.","The article provides an overview of weld and welding symbols, explaining their meanings and usage, including the reference line, arrow, and symbol placement, which are the main points summarized here."
https://samsfabrications.co.uk/useful-tools/welding-symbols,Welding Symbols For Metal Fabrication,"Informative article on welding symbols for metal fabrication drawings; explains the use of standardized symbols per BS EN 22553 and weld process codes from BS EN ISO 4063. Highlights key weld symbol components—arrow line, reference line, dashed line, and symbol placement—to specify weld location and type, enabling precise control over weld strength, appearance, and heat distortion. Provides visual examples and clarifies symbol interpretation for near and far side welds, supporting improved fabrication accuracy and quality.",,,Yes,"The article, titled ""Welding Symbols For Metal Fabrication,"" discusses the importance of understanding weld details and using standard symbols in drawings to guide welders, indicating it provides an overview of welding symbols and their usage.
References: [Welding Symbols For Metal Fabrication](https://www.samsfabrications.co.uk/useful-tools/welding-symbols)","The article explains the importance of using standardized welding symbols in metal fabrication drawings to clearly communicate weld details, ensuring control over the appearance and mechanical properties of the finished product. It covers the basic components of weld symbols, supplementary symbols, dimensioning, and relevant British standards.","The article titled 'Welding Symbols For Metal Fabrication' provides an overview of welding symbols, their meanings, and usage in fabrication drawings, emphasizing the need for clear communication of weld details for quality control. It details the components of weld symbols, supplementary symbols, and standards such as BS EN 22553 and BS EN ISO 4063, confirming it meets the criteria for an article summary."
https://learnweldingsymbols.com/butt-weld-symbols,Understanding Butt Weld Symbols: A Comprehensive Guide,"Educational article explaining butt weld symbols used in welding; covers symbol types, meanings, components, and applications essential for welders and fabrication professionals; authored by Kumar and published on August 14, 2023; provides foundational knowledge for both beginners and experienced welders to interpret and apply welding symbols effectively.",,,Yes,"The article ""A Comprehensive Guide – learnweldingsymbols"" at https://learnweldingsymbols.com/butt-weld-symbols provides an overview and explanation of butt weld symbols, including their meanings and usage. The title itself indicates the article's focus, and the content confirms that it explains butt weld symbols and their importance in welding operations.
References: [Understanding Butt Weld Symbols: A Comprehensive Guide](https://learnweldingsymbols.com/butt-weld-symbols)","The article provides a comprehensive guide to understanding butt weld symbols, explaining their significance in welding operations, types of butt weld joints, and how to interpret the symbols used to represent different joint designs. It covers various joint types such as square, V, U, bevel, J, and flare V butt joints, highlighting their applications, advantages, and the meaning of the welding symbols for effective fabrication and construction.","The article extensively discusses butt weld symbols, their types, and meanings, along with examples and applications, making it a detailed resource on the topic."
https://fsmdirect.com/deciphering-symbols,Deciphering symbols,"Informative article on welding symbols in engineering drawings; details the AWS A2.4:2012 standard governing symbol usage and structure; highlights the critical role of symbol literacy for welders to accurately interpret weld type, size, and location; features expert commentary on common symbol variations across different welding fields like construction and resistance welding.",Vee,,Yes,"The article explicitly states that it explains welding symbols, their meanings, and usage in engineering and fabrication drawings. It also mentions the American Welding Society's standard for welding symbols.
References: [Deciphering symbols](https://fsmdirect.com/deciphering-symbols)","The article explains the importance and structure of welding symbols used in engineering and fabrication drawings, highlighting their role in conveying weld type, size, and specifications according to the American Welding Society standards. It covers common weld types like fillet and groove welds, the meaning of various symbols and numbers, and the significance of additional markings such as weld-all-around and field weld symbols.","The article provides a detailed overview of welding symbols, their meanings, and usage in blueprints and drawings, emphasizing the AWS standard and practical applications in welding education and work. It discusses symbol components, common weld types, and additional instructions conveyed through symbols, which aligns with the requested summary."
https://therangerstation.com/tech/reading-welding-symbols,How To Read Welding Symbols,"Instructional guide on welding symbols by Jim Oaks; explains core elements including reference line, arrow, basic weld symbol, dimensions, supplementary and finish symbols, and specifications. Provides practical insights for interpreting welding drawings, addressing common challenges such as identifying weld locations on joints, supported by visual aids to enhance comprehension.",,,Yes,"The article, titled ""How To Read Welding Symbols,"" explicitly aims to help readers understand welding symbols. The content includes a discussion of the elements of a welding symbol, indicating an explanation of their meanings and usage.
References: [How To Read Welding Symbols](https://www.therangerstation.com/tech/reading-welding-symbols)","The article explains the components and meanings of welding symbols, including the reference line, arrow, basic weld symbols, and supplementary elements, to help readers accurately interpret welding instructions. It covers various weld types such as fillet and groove welds, as well as special symbols like weld all around and field weld, aiming to assist those unfamiliar with welding symbols in reading and following welding drawings.","The article titled 'How To Read Welding Symbols' provides a comprehensive overview of welding symbols and their usage, detailing each element and explaining how to interpret them for different weld types and special cases, which supports the summary provided."
https://gowelding.com/weld/symbol/symbol.htm,symbols,"Educational article on weld and welding symbols; references British Standard BS499, American Welding Society standards, and European Standard EN22553 with distinctions such as the dotted reference line for symbol orientation; includes links to further detailed AWS welding symbol resources including a PDF from aws.org.",J.S.Dyson,2001-07-15T00:00:00,Yes,"The article, titled 'symbols' and located at https://gowelding.com/weld/symbol/symbol.htm, provides an overview of weld and welding symbols. It references British, American, and European standards and links to a PDF file for further details on AWS welding symbols. This indicates that the article explains weld symbols and their usage.
References: [symbols](https://gowelding.com/weld/symbol/symbol.htm)","The article explains weld and welding symbols based on the old British Standard BS499, noting their similarity to the American Welding Society standard and the European Standard EN22553. It provides an overview of these symbols' meanings and usage, with additional resources linked for further details on AWS welding symbols.","The article titled 'symbols' at https://gowelding.com/weld/symbol/symbol.htm discusses welding symbols referencing British, American, and European standards, and includes links to further detailed resources, indicating it provides an overview and explanation of weld symbols and their usage."
https://weldingtipsandtricks.com/welding-symbol-chart.html,Welding Symbol Chart,"Educational article explaining welding symbols and their usage; covers key elements of welding symbols, common weld types like fillet and groove welds, and includes illustrative images to aid understanding.",,,Yes,"The article provides an overview of welding symbols, including their meanings and usage. It discusses the elements of a welding symbol, commonly used weld symbols like fillet and groove welds, and provides images of different weld symbols.
References: [Welding Symbol Chart](https://www.weldingtipsandtricks.com/welding-symbol-chart.html)","The article explains the importance of understanding welding symbols, detailing the elements that make up a welding symbol and highlighting the most commonly used symbols such as fillet and groove welds. It emphasizes learning to read welding symbol charts for accurate interpretation and application in welding tasks.","The article provides an overview of welding symbols, their meanings, and usage, focusing on key symbols and the elements of welding symbols, which supports a concise summary of the main points."
https://qualityinspectionforms.com/blog/welding-symbols,AWS Welding Symbols — QUALITY INSPECTION FORMS,"Educational article explaining AWS welding symbols used to communicate welding instructions; covers essential elements like reference line, arrow, and weld symbol per AWS A2.4 standard. Highlights the symbols' effectiveness as a compact, standardized communication method and addresses common knowledge gaps due to limited training and standard access; includes downloadable handouts for practical use.",Jul 5 Written By Cassandra Painter,,Yes,"The article's title and introduction clearly indicate that it provides an overview and explanation of welding symbols, their meanings, and usage, thus satisfying the criterion.
References: [AWS Welding Symbols — QUALITY INSPECTION FORMS](https://qualityinspectionforms.com/blog/welding-symbols)","The article explains the standardized AWS welding symbols, detailing their basic and supplementary elements, and how they convey specific welding information. It covers key concepts such as the significance of arrow side and other side placements, types of welds including fillet and groove welds, and the importance of accurate weld dimensions and layouts for proper welding communication.","The article provides a comprehensive overview of AWS welding symbols, their components, and usage, including explanations of weld types, symbol placements, and dimension specifications, which aligns with the requested summary of the article's main points."
https://millerwelds.com/resources/article-library/how-to-read-and-understand-weld-symbols,How to Read and Understand Weld Symbols,"Educational article on welding symbols from Miller Welds; explains how to read and interpret common welding symbols that describe weld type, size, and finishing details. Covers the fundamental structure of welding symbols, including the reference line and arrow pointing system that distinguishes weld placement on joints, aligned with ANSI/AWS A2.4 standards for welding and nondestructive testing symbols.",,,Yes,"The article titled ""How to Read and Understand Weld Symbols"" explicitly states that it will explain common welding symbols and their meanings. The introduction mentions that welding symbols are shorthand for describing the type of weld, its size, and other processing and finishing information.
References: [How to Read and Understand Weld Symbols](https://www.millerwelds.com/resources/article-library/how-to-read-and-understand-weld-symbols)","The article explains how to read and understand welding symbols, which are shorthand notations used on engineering drawings to describe the type, size, and other details of welds. It covers the basic structure of welding symbols and details various types of welds, including fillet, groove, and plug and slot welds, along with supplementary symbols used to convey additional welding instructions.","The article provides a comprehensive overview of welding symbols, their meanings, and usage, including the basic structure and types of welds, which is summarized concisely in the response."
https://therangerstation.com/Magazine/winter2008/welding_symbols.shtml,How To Read Welding Symbols,"Instructional article by Jim Oaks explaining welding symbols used in technical drawings; covers key elements such as reference line, arrow, basic weld symbol, dimensions, supplementary and finish symbols, and tail; provides foundational knowledge for interpreting welding instructions and improving weld accuracy.",,,Yes,"The article's title, introduction, and mention of 'Elements Of A Welding Symbol' indicate that it provides an overview or explanation of weld and welding symbols, including their meanings and usage.
References: [How To Read Welding Symbols](https://www.therangerstation.com/Magazine/winter2008/welding_symbols.shtml)","The article explains how to read welding symbols by detailing the essential elements such as the reference line, arrow, basic weld symbols, dimensions, supplementary and finish symbols, and the tail. It provides an overview of different weld types, including fillet and groove welds, and explains how to interpret their symbols and specifications on technical drawings.","The article titled 'How To Read Welding Symbols' provides a comprehensive overview of welding symbols, describing their components and meanings, and explaining how to interpret various weld types and their symbols on drawings."
https://wcwelding.com/welding-symbols.html,Welding Symbols and Definitions,"Educational article from wcwelding.com explaining welding symbols used in plans and drawings; details the three parts of a welding symbol—reference line, arrow, and tail—and their roles in conveying weld location, joint type, filler material, and process information; clarifies the distinction between welding symbols and individual weld symbols, illustrating with examples of basic weld types like fillet and groove.",,,Yes,"The article ""Welding Symbols and Definitions"" at wcwelding.com provides an overview of welding symbols, their meanings, and usage. The article explains the three parts of a welding symbol: reference line, arrow, and tail, and their functions in conveying welding information.
References: [Welding Symbols and Definitions](https://www.wcwelding.com/welding-symbols.html)","The article explains the components and functions of welding symbols, which include the reference line, arrow, and tail, used to convey detailed welding instructions on plans. It also covers the differences between weld symbols and welding symbols, basic weld symbols, their placement, dimensions, and additional contour and finish symbols to guide welders.","The article provides a comprehensive overview of welding symbols, detailing their parts and purposes, and explains how they communicate welding requirements such as weld type, location, size, and finish to the welder."
